tvil_hotel_id,room_name,room_id,free_rooms,all_rooms,room_capacity,price,url
1435824,"Стандартный одноместный номер:  Номер, 1-местный, 1-комнатный",1438243,1,0,1,5500,https://tvil.ru/city/irkutsk/hotels/1435824/
1435824,"Двухместный стандартный номер:  Номер, Стандарт, 2-местный, 1-комнатный",1438364,2,77,2,6300,https://tvil.ru/city/irkutsk/hotels/1435824/
1435824,"Одноместный номер ""Бизнес"":  Номер, 1-местный, 1-комнатный",1438456,1,0,1,6000,https://tvil.ru/city/irkutsk/hotels/1435824/
1435824,"Двухместный номер ""Бизнес"" twin:  Номер, 2-местный, 1-комнатный",1438604,0,0,2,0,https://tvil.ru/city/irkutsk/hotels/1435824/
1435824,"Двухместный номер ""Бизнес"" dbl:  Номер, 2-местный, 1-комнатный",1438660,2,42,2,6900,https://tvil.ru/city/irkutsk/hotels/1435824/
1435824,"Джуниор Сюит:  Номер, Семейный, 2-местный, 2-комнатный",1438703,0,0,2,0,https://tvil.ru/city/irkutsk/hotels/1435824/
1435824,"Люкс:  Номер, Люкс, 2-местный, 3-комнатный",1438739,0,0,2,0,https://tvil.ru/city/irkutsk/hotels/1435824/
1265180,"Стандартный номер:  Номер, Стандарт, 1-местный, 1-комнатный",1265276,0,0,1,0,https://tvil.ru/city/irkutsk/hotels/1265180/
1265180,"Двухместный номер :  Номер, Стандарт, 3-местный (2 основных + 1 доп), 1-комнатный",1265731,1,0,3,10000,https://tvil.ru/city/irkutsk/hotels/1265180/
1265180,"Улучшенный номер:  Номер, Стандарт, 2-местный, 1-комнатный",1265929,0,0,2,0,https://tvil.ru/city/irkutsk/hotels/1265180/
1265180,"Полулюкс:  Номер, Полулюкс, 3-местный (2 основных + 1 доп), 1-комнатный",1266058,0,0,3,0,https://tvil.ru/city/irkutsk/hotels/1265180/
1265180,"Люкс:  Номер, Люкс, 3-местный (2 основных + 1 доп), 2-комнатный",1266100,0,0,3,0,https://tvil.ru/city/irkutsk/hotels/1265180/
1265180,,1350861,0,0,,0,https://tvil.ru/city/irkutsk/hotels/1265180/
1296851,"Одноместный :  Номер, Стандарт, 1-местный, 1-комнатный",1297123,2,23,1,4100,https://tvil.ru/city/irkutsk/hotels/1296851/
1296851,"Двухместный:  Номер, Стандарт, 2-местный, 1-комнатный",1297175,2,18,2,4500,https://tvil.ru/city/irkutsk/hotels/1296851/
1296851,"Комфорт:  Номер, Семейный, 3-местный (2 основных + 1 доп), 2-комнатный",1297212,2,11,3,5600,https://tvil.ru/city/irkutsk/hotels/1296851/
1296851,"Делюкс:  Номер, Полулюкс, 3-местный (2 основных + 1 доп), 2-комнатный",1297274,1,0,3,6200,https://tvil.ru/city/irkutsk/hotels/1296851/
1296851,"Люкс:  Номер, Люкс, 3-местный (2 основных + 1 доп)",1745231,0,0,3,0,https://tvil.ru/city/irkutsk/hotels/1296851/
1328740,"DBL Номер с одной двуспальной кроватью:  Номер, Стандарт, 2-местный, 1-комнатный",1328757,2,5,2,5000,https://tvil.ru/city/irkutsk/hotels/1328740/
1328740,"TRPL (номер с тремя односпальными кроватями):  Номер, Эконом, 1-местный, 1-комнатный",1328776,2,3,1,6000,https://tvil.ru/city/irkutsk/hotels/1328740/
1328740,"TWIN (Номер с двумя односпальными кроватями):  Номер, Стандарт, 2-местный, 1-комнатный",1328794,2,10,2,5000,https://tvil.ru/city/irkutsk/hotels/1328740/
1328740,"Семейный:  Номер, Стандарт, 3-местный, 1-комнатный",1328807,1,0,3,6000,https://tvil.ru/city/irkutsk/hotels/1328740/
1009170,"Одноместный комфорт:  Квартира, 1-местный, 1-комнатный",1009172,0,0,1,0,https://tvil.ru/city/irkutsk/hotels/1009170/
1009170,"Семейный комфорт 2+1:  Квартира, 3-местный, 1-комнатный",1009175,0,0,3,0,https://tvil.ru/city/irkutsk/hotels/1009170/
1009170,"Семейный Комфорт 2+2:  Квартира, 4-местный, 1-комнатный",1009182,0,0,4,0,https://tvil.ru/city/irkutsk/hotels/1009170/
1009170,"Семейный комфорт с диваном:  Квартира, 4-местный, 1-комнатный",1418839,0,0,4,0,https://tvil.ru/city/irkutsk/hotels/1009170/
1009170,"Стандарт трехместный:  Номер, Стандарт, 3-местный, 1-комнатный",1418843,0,0,3,0,https://tvil.ru/city/irkutsk/hotels/1009170/
1009170,"Стандарт четырехместный:  Номер, Стандарт, 4-местный, 1-комнатный",1418848,1,0,4,3000,https://tvil.ru/city/irkutsk/hotels/1009170/
1009170,"Семейный комфорт 2+1+1:  Квартира, 4-местный, 1-комнатный",1418864,0,0,4,0,https://tvil.ru/city/irkutsk/hotels/1009170/
1009170,"Стандарт двухместный:  Номер, Стандарт, 2-местный",1945501,0,0,2,0,https://tvil.ru/city/irkutsk/hotels/1009170/
1009170,"Семиместный стандарт:  Номер, Стандарт, 7-местный",2005843,0,0,7,0,https://tvil.ru/city/irkutsk/hotels/1009170/
1000539,"1-местный номер :  Номер, Стандарт, 1-местный, 1-комнатный",1000540,2,12,1,10810,https://tvil.ru/city/listvyanka/hotels/1000539/
1000539,"Стандарт Улучшенный :  Номер, Стандарт, 2-местный, 1-комнатный",1000553,0,0,2,0,https://tvil.ru/city/listvyanka/hotels/1000539/
1000539,"2-местный с 2 раздельными кроватями:  Номер, Стандарт, 2-местный, 1-комнатный",1000584,2,16,2,11270,https://tvil.ru/city/listvyanka/hotels/1000539/
1000539,"Студия:  Номер, Сюит, 2-местный",1000601,1,0,2,17020,https://tvil.ru/city/listvyanka/hotels/1000539/
1000539,"Семейный :  Номер, 3-местный (2 основных + 1 доп)",1729517,1,0,3,24150,https://tvil.ru/city/listvyanka/hotels/1000539/
1277758,"Стандартный одноместный :  Номер, Стандарт, 1-местный, 1-комнатный",1277884,2,5,1,15900,https://tvil.ru/city/baikalsk/hotels/1277758/
1277758,"Стандартный двухместный :  Номер, Стандарт, 3-местный (2 основных + 1 доп), 1-комнатный",1277942,2,53,3,17400,https://tvil.ru/city/baikalsk/hotels/1277758/
1277758,"Люкс:  Номер, Люкс, 3-местный (2 основных + 1 доп), 2-комнатный",1277982,0,0,3,0,https://tvil.ru/city/baikalsk/hotels/1277758/
946962,"Standart Twin\Double 1K:  Номер, Стандарт, 2-местный, 1-комнатный",975098,1,0,2,2850,https://tvil.ru/city/irkutsk/hotels/946962/
946962,"Standart SGL:  Номер, Стандарт, 1-местный, 1-комнатный",975109,1,0,1,2150,https://tvil.ru/city/irkutsk/hotels/946962/
946962,"Standart TWIN:  Номер, Сюит, 2-местный",975115,2,6,2,3150,https://tvil.ru/city/irkutsk/hotels/946962/
946962,"Standart TPL:  Номер, Стандарт, 3-местный, 1-комнатный",975135,0,0,3,0,https://tvil.ru/city/irkutsk/hotels/946962/
946962,"Студия:  Номер, Апартаменты-студия, 2-местный, 1-комнатный",975138,0,0,2,0,https://tvil.ru/city/irkutsk/hotels/946962/
946962,"Econom Twin:  Номер, Эконом, 2-местный, 1-комнатный",975146,2,2,2,2150,https://tvil.ru/city/irkutsk/hotels/946962/
946962,"Эконом 4-х местный:  Номер, 4-местный",1145789,0,0,4,0,https://tvil.ru/city/irkutsk/hotels/946962/
1032271,"Двухместный номер с 1 кроватью или 2 отдельными кроватями:  Номер, Стандарт, 2-местный, 1-комнатный",1032272,2,12,2,5500,https://tvil.ru/city/listvyanka/hotels/1032271/
1032271,"Люкс:  Номер, Люкс, 2-местный, 1-комнатный",1032286,0,0,2,0,https://tvil.ru/city/listvyanka/hotels/1032271/
1032271,"Апартаменты с 2 спальнями:  Номер, Апартаменты, 4-местный, 2-комнатный",1032288,1,0,4,13000,https://tvil.ru/city/listvyanka/hotels/1032271/
1265779,"Клубный Квартал квартира студия:  Номер, Стандарт, 2-местный, 1-комнатный",1265859,1,0,2,3400,https://tvil.ru/city/bratsk/hotels/1265779/
1265779,"Клубный Квартал двухкомнатная евро-квартира:  Квартира, 2-местный, 2-комнатный",1265961,2,18,2,4000,https://tvil.ru/city/bratsk/hotels/1265779/
1265779,"Квартира студия повышенной комфортности:  Квартира, 2-местный, 1-комнатный",1958139,1,0,2,5600,https://tvil.ru/city/bratsk/hotels/1265779/
1287498,"Одноместный стандартный номер:  Номер, Стандарт, 1-местный, 1-комнатный",1287678,2,6,1,11000,https://tvil.ru/city/baikalsk/hotels/1287498/
1287498,"Полулюкс :  Номер, Полулюкс, 3-местный (2 основных + 1 доп), 1-комнатный",1287773,0,0,3,0,https://tvil.ru/city/baikalsk/hotels/1287498/
1276636,"Люкс:  Номер, Люкс, 3-местный (2 основных + 1 доп), 2-комнатный",1276748,2,4,3,33300,https://tvil.ru/city/irkutsk/hotels/1276636/
1276636,"Джуниор Сюит:  Номер, Люкс, 3-местный (2 основных + 1 доп), 1-комнатный",1276758,1,0,3,23300,https://tvil.ru/city/irkutsk/hotels/1276636/
1276636,"Апартаменты :  Номер, Апартаменты-студия, 3-местный (2 основных + 1 доп), 1-комнатный",1276826,1,0,3,63300,https://tvil.ru/city/irkutsk/hotels/1276636/
1367731,"Двухместный стандартный номер с большой кроватью:  Номер, Стандарт, 2-местный, 1-комнатный",1367733,0,0,2,0,https://tvil.ru/city/irkutsk/hotels/1367731/
1367731,"Двухместный стандартный номер с 2 кроватями:  Номер, Стандарт, 2-местный, 1-комнатный",1367758,2,9,2,4700,https://tvil.ru/city/irkutsk/hotels/1367731/
1367731,"Трёхместный стандартный номер:  Номер, Стандарт, 3-местный, 1-комнатный",1367777,1,0,3,4700,https://tvil.ru/city/irkutsk/hotels/1367731/
1367731,"Апартаменты:  Квартира, 2-местный, 2-комнатный",1373656,0,0,2,0,https://tvil.ru/city/irkutsk/hotels/1367731/
1390225,"Стандартный трехместный номер:  Номер, Стандарт, 3-местный, 1-комнатный",1489569,0,0,3,0,https://tvil.ru/city/irkutsk/hotels/1390225/
1390225,"Стандартный четырехместный номер:  Номер, Стандарт, 4-местный, 1-комнатный",1489579,1,0,4,4800,https://tvil.ru/city/irkutsk/hotels/1390225/
1390225,"Двухместный номер с 1 кроватью и общей ванной комнатой:  Номер, Стандарт, 2-местный, 1-комнатный",1489673,0,0,2,0,https://tvil.ru/city/irkutsk/hotels/1390225/
1390225,"Трехместный номер с общей ванной комнатой:  Номер, Стандарт, 3-местный, 1-комнатный",1489684,1,0,3,3600,https://tvil.ru/city/irkutsk/hotels/1390225/
1390225,"Кровать в общем 6-местном номере для мужчин и женщин:  Койко-место, 1-местный",1489697,1,0,1,800,https://tvil.ru/city/irkutsk/hotels/1390225/
1390225,"Семейный номер с общей ванной комнатой:  Номер, Семейный, 3-местный, 1-комнатный",1489706,0,0,3,0,https://tvil.ru/city/irkutsk/hotels/1390225/
1462849,"Номер первой категории Стандарт Одноместный:  Номер, Стандарт, 1-местный, 1-комнатный",1462854,0,0,1,0,https://tvil.ru/city/irkutsk/hotels/1462849/
1462849,"Номер первой категории Стандарт Улучшенный Одноместный:  Номер, Стандарт, 2-местный (1 основной + 1 доп), 1-комнатный",1474551,0,0,2,0,https://tvil.ru/city/irkutsk/hotels/1462849/
1462849,"Номер первой категории  2х местный Стандарт:  Номер, Стандарт, 2-местный, 1-комнатный",1474574,0,0,2,0,https://tvil.ru/city/irkutsk/hotels/1462849/
1462849,"Номер первой категории Стандарт:  Номер, Стандарт, 2-местный, 1-комнатный",1474576,0,0,2,0,https://tvil.ru/city/irkutsk/hotels/1462849/
1462849,"Номер первой категории Семейный Улучшенный:  Номер, Семейный, 4-местный (2 основных + 2 доп), 1-комнатный",1474579,0,0,4,0,https://tvil.ru/city/irkutsk/hotels/1462849/
1462849,"Номер первой категории Стандарт Улучшенный:  Номер, Стандарт, 4-местный (2 основных + 2 доп), 1-комнатный",1474586,0,0,4,0,https://tvil.ru/city/irkutsk/hotels/1462849/
1462849,"Номер первой категории Стандарт- улучшенный с двуспальной кроватью:  Номер, Стандарт, 4-местный (2 основных + 2 доп), 1-комнатный",1474588,0,0,4,0,https://tvil.ru/city/irkutsk/hotels/1462849/
1462849,"Джуниор Сюит Семейный 1 комнатный:  Номер, Семейный, 4-местный (2 основных + 2 доп), 1-комнатный",1848889,0,0,4,0,https://tvil.ru/city/irkutsk/hotels/1462849/
1462849,"Джуниор Сюит Семейный 2 комнатный:  Номер, Семейный, 5-местный (3 основных + 2 доп), 2-комнатный",1848900,1,0,5,12970,https://tvil.ru/city/irkutsk/hotels/1462849/
1491765,"Номер ""Двухместный номер"":  Номер, Стандарт, 2-местный, 1-комнатный",1493545,1,0,2,4500,https://tvil.ru/city/irkutsk/hotels/1491765/
1491765,"Номер ""Одноместный номер"":  Номер, Стандарт, 1-местный, 1-комнатный",1493554,0,0,1,0,https://tvil.ru/city/irkutsk/hotels/1491765/
1491765,"Номер ""Двухместный номер 1 кровать"" :  Номер, Стандарт, 2-местный, 1-комнатный",1510150,0,0,2,0,https://tvil.ru/city/irkutsk/hotels/1491765/
1487384,"Номер стандарт:  Номер, Стандарт, 3-местный (2 основных + 1 доп), 1-комнатный",1487423,0,0,3,0,https://tvil.ru/city/derevnya-kurma/hotels/1487384/
1487384,"Номер аппартамент:  Квартира, 4-местный (2 основных + 2 доп), 1-комнатный",1487494,1,0,4,9000,https://tvil.ru/city/derevnya-kurma/hotels/1487384/
1487384,"Бунгало с верандой:  Дом, 4-местный (3 основных + 1 доп)",1487517,2,6,4,8000,https://tvil.ru/city/derevnya-kurma/hotels/1487384/
1487384,"Бунгало с зоной кухни:  Дом, 4-местный (2 основных + 2 доп)",1487543,2,18,4,9500,https://tvil.ru/city/derevnya-kurma/hotels/1487384/
1487384,"Номер студия:  Номер, Семейный, 4-местный (3 основных + 1 доп), 1-комнатный",1487567,2,8,4,6000,https://tvil.ru/city/derevnya-kurma/hotels/1487384/
1609403,"Стандартный двухместный номер с одной двуспальной кроватью:  Номер, Стандарт, 2-местный, 1-комнатный",1609404,1,0,2,3500,https://tvil.ru/city/irkutsk/hotels/1609403/
1609403,"Стандартный двухместный номер с двумя односпальными кроватями:  Номер, Стандарт, 2-местный, 1-комнатный",1609407,1,0,2,3500,https://tvil.ru/city/irkutsk/hotels/1609403/
1609403,"Улучшенный двухместный номер с двумя односпальными кроватями:  Номер, Стандарт, 2-местный, 1-комнатный",1609409,2,4,2,3900,https://tvil.ru/city/irkutsk/hotels/1609403/
1609403,"Стандарт премиум :  Номер, Люкс, 2-местный, 1-комнатный",1609411,1,0,2,6800,https://tvil.ru/city/irkutsk/hotels/1609403/
1609403,"Стандартный одноместный номер:  Номер, 1-местный",1609612,0,0,1,0,https://tvil.ru/city/irkutsk/hotels/1609403/
1609403,"Улучшенный двухместный номер с одной двуспальной кроватью:  Номер, Стандарт, 2-местный, 1-комнатный",1609617,0,0,2,0,https://tvil.ru/city/irkutsk/hotels/1609403/
1609403,"Улучшенный одноместный номер:  Номер, Стандарт, 1-местный, 1-комнатный",1609619,0,0,1,0,https://tvil.ru/city/irkutsk/hotels/1609403/
1690094,"Стандарт плюс:  Номер, 1-местный, 1-комнатный",1690095,2,3,1,1700,https://tvil.ru/city/angarsk/hotels/1690094/
1690094,"Комфорт плюс:  Номер, 2-местный",1690099,2,2,2,3500,https://tvil.ru/city/angarsk/hotels/1690094/
1690094,"Люкс:  Номер, 2-местный, 1-комнатный",1690106,1,0,2,5500,https://tvil.ru/city/angarsk/hotels/1690094/
1892012,"Двухместный улучшенный:  Номер, Полулюкс, 2-местный, 1-комнатный",1892013,0,0,2,0,https://tvil.ru/city/listvyanka/hotels/1892012/
1892012,"Двухместный Стандартный номер:  Номер, Стандарт, 2-местный, 1-комнатный",1892032,2,4,2,6800,https://tvil.ru/city/listvyanka/hotels/1892012/
1892012,"Двухместный номер с видом на оз. Байкал:  Номер, Стандарт, 2-местный, 1-комнатный",2025314,0,0,2,0,https://tvil.ru/city/listvyanka/hotels/1892012/
1892012,"Трехместный стандартный номер:  Номер, Стандарт, 3-местный, 1-комнатный",2025324,1,0,3,10500,https://tvil.ru/city/listvyanka/hotels/1892012/
1287498,"Одноместный стандартный номер:  Номер, Стандарт, 1-местный, 1-комнатный",1287678,2,6,1,11000,https://tvil.ru/city/baikalsk/hotels/1287498/
1287498,"Полулюкс :  Номер, Полулюкс, 3-местный (2 основных + 1 доп), 1-комнатный",1287773,0,0,3,0,https://tvil.ru/city/baikalsk/hotels/1287498/
1276636,"Люкс:  Номер, Люкс, 3-местный (2 основных + 1 доп), 2-комнатный",1276748,2,4,3,33300,https://tvil.ru/city/irkutsk/hotels/1276636/
1276636,"Джуниор Сюит:  Номер, Люкс, 3-местный (2 основных + 1 доп), 1-комнатный",1276758,1,0,3,23300,https://tvil.ru/city/irkutsk/hotels/1276636/
1276636,"Апартаменты :  Номер, Апартаменты-студия, 3-местный (2 основных + 1 доп), 1-комнатный",1276826,1,0,3,63300,https://tvil.ru/city/irkutsk/hotels/1276636/
1367731,"Двухместный стандартный номер с большой кроватью:  Номер, Стандарт, 2-местный, 1-комнатный",1367733,0,0,2,0,https://tvil.ru/city/irkutsk/hotels/1367731/
1367731,"Двухместный стандартный номер с 2 кроватями:  Номер, Стандарт, 2-местный, 1-комнатный",1367758,2,9,2,4700,https://tvil.ru/city/irkutsk/hotels/1367731/
1367731,"Трёхместный стандартный номер:  Номер, Стандарт, 3-местный, 1-комнатный",1367777,1,0,3,4700,https://tvil.ru/city/irkutsk/hotels/1367731/
1367731,"Апартаменты:  Квартира, 2-местный, 2-комнатный",1373656,0,0,2,0,https://tvil.ru/city/irkutsk/hotels/1367731/
1390225,"Стандартный трехместный номер:  Номер, Стандарт, 3-местный, 1-комнатный",1489569,0,0,3,0,https://tvil.ru/city/irkutsk/hotels/1390225/
1390225,"Стандартный четырехместный номер:  Номер, Стандарт, 4-местный, 1-комнатный",1489579,1,0,4,4800,https://tvil.ru/city/irkutsk/hotels/1390225/
1390225,"Двухместный номер с 1 кроватью и общей ванной комнатой:  Номер, Стандарт, 2-местный, 1-комнатный",1489673,0,0,2,0,https://tvil.ru/city/irkutsk/hotels/1390225/
1390225,"Трехместный номер с общей ванной комнатой:  Номер, Стандарт, 3-местный, 1-комнатный",1489684,1,0,3,3600,https://tvil.ru/city/irkutsk/hotels/1390225/
1390225,"Кровать в общем 6-местном номере для мужчин и женщин:  Койко-место, 1-местный",1489697,1,0,1,800,https://tvil.ru/city/irkutsk/hotels/1390225/
1390225,"Семейный номер с общей ванной комнатой:  Номер, Семейный, 3-местный, 1-комнатный",1489706,0,0,3,0,https://tvil.ru/city/irkutsk/hotels/1390225/
1462849,"Номер первой категории Стандарт Одноместный:  Номер, Стандарт, 1-местный, 1-комнатный",1462854,0,0,1,0,https://tvil.ru/city/irkutsk/hotels/1462849/
1462849,"Номер первой категории Стандарт Улучшенный Одноместный:  Номер, Стандарт, 2-местный (1 основной + 1 доп), 1-комнатный",1474551,0,0,2,0,https://tvil.ru/city/irkutsk/hotels/1462849/
1462849,"Номер первой категории  2х местный Стандарт:  Номер, Стандарт, 2-местный, 1-комнатный",1474574,0,0,2,0,https://tvil.ru/city/irkutsk/hotels/1462849/
1462849,"Номер первой категории Стандарт:  Номер, Стандарт, 2-местный, 1-комнатный",1474576,0,0,2,0,https://tvil.ru/city/irkutsk/hotels/1462849/
1462849,"Номер первой категории Семейный Улучшенный:  Номер, Семейный, 4-местный (2 основных + 2 доп), 1-комнатный",1474579,0,0,4,0,https://tvil.ru/city/irkutsk/hotels/1462849/
1462849,"Номер первой категории Стандарт Улучшенный:  Номер, Стандарт, 4-местный (2 основных + 2 доп), 1-комнатный",1474586,0,0,4,0,https://tvil.ru/city/irkutsk/hotels/1462849/
1462849,"Номер первой категории Стандарт- улучшенный с двуспальной кроватью:  Номер, Стандарт, 4-местный (2 основных + 2 доп), 1-комнатный",1474588,0,0,4,0,https://tvil.ru/city/irkutsk/hotels/1462849/
1462849,"Джуниор Сюит Семейный 1 комнатный:  Номер, Семейный, 4-местный (2 основных + 2 доп), 1-комнатный",1848889,0,0,4,0,https://tvil.ru/city/irkutsk/hotels/1462849/
1462849,"Джуниор Сюит Семейный 2 комнатный:  Номер, Семейный, 5-местный (3 основных + 2 доп), 2-комнатный",1848900,1,0,5,12970,https://tvil.ru/city/irkutsk/hotels/1462849/
1892012,"Двухместный улучшенный:  Номер, Полулюкс, 2-местный, 1-комнатный",1892013,0,0,2,0,https://tvil.ru/city/listvyanka/hotels/1892012/
1892012,"Двухместный Стандартный номер:  Номер, Стандарт, 2-местный, 1-комнатный",1892032,2,4,2,6800,https://tvil.ru/city/listvyanka/hotels/1892012/
1892012,"Двухместный номер с видом на оз. Байкал:  Номер, Стандарт, 2-местный, 1-комнатный",2025314,0,0,2,0,https://tvil.ru/city/listvyanka/hotels/1892012/
1892012,"Трехместный стандартный номер:  Номер, Стандарт, 3-местный, 1-комнатный",2025324,1,0,3,10500,https://tvil.ru/city/listvyanka/hotels/1892012/
1913029,"Люкс:  Номер, Люкс, 4-местный, 2-комнатный",1913069,0,0,4,0,https://tvil.ru/city/huzhir/hotels/1913029/
1913029,"Джуниор Сьют:  Номер, Сюит, 4-местный, 1-комнатный",1913107,2,35,4,12000,https://tvil.ru/city/huzhir/hotels/1913029/
1467982,"Одноместный номер:  Номер, Полулюкс, 1-местный, 1-комнатный",1467993,1,0,1,1500,https://tvil.ru/city/nizhneudinsk/hotels/1467982/
1467982,"Двухместный номер:  Номер, Стандарт, 2-местный, 1-комнатный",1467999,2,4,2,1500,https://tvil.ru/city/nizhneudinsk/hotels/1467982/
1490199,"Стандартный двухместный номер с 1 кроватью:  Номер, Стандарт, 2-местный, 1-комнатный",1491461,2,8,2,2400,https://tvil.ru/city/irkutsk/hotels/1490199/
1490199,"Полулюкс:  Номер, Полулюкс, 4-местный, 1-комнатный",1491477,1,0,4,4000,https://tvil.ru/city/irkutsk/hotels/1490199/
1490199,"Стандартный двухместный номер с 2 отдельными кроватями:  Номер, Стандарт, 2-местный, 1-комнатный",1491481,1,0,2,2400,https://tvil.ru/city/irkutsk/hotels/1490199/
1508283,"Стандартный двухместный номер с двуспальной или 2 односпальными кроватями:  Номер, Стандарт, 2-местный, 1-комнатный",1513813,0,0,2,0,https://tvil.ru/city/irkutsk/hotels/1508283/
1508283,"Двухместный номер эконом-класса с двуспальной кроватью с общей ванной:  Номер, Эконом, 2-местный, 1-комнатный",1513827,0,0,2,0,https://tvil.ru/city/irkutsk/hotels/1508283/
1508283,"Двухместный номер Комфорт:  Номер, Семейный, 3-местный, 1-комнатный",1513849,0,0,3,0,https://tvil.ru/city/irkutsk/hotels/1508283/
1508283,"Трехместный номер Комфорт:  Номер, Семейный, 3-местный, 1-комнатный",1513854,0,0,3,0,https://tvil.ru/city/irkutsk/hotels/1508283/
1382100,"Двухместный номер Double:  Номер, Стандарт, 2-местный, 1-комнатный",1382185,0,0,2,0,https://tvil.ru/city/irkutsk/hotels/1382100/
1382100,"Двухместный номер Twin:  Номер, Стандарт, 2-местный, 1-комнатный",1382204,1,0,2,3400,https://tvil.ru/city/irkutsk/hotels/1382100/
1314294,"Делюкс - с 1 большой кроватью :  Номер, Стандарт, 2-местный, 1-комнатный",1314310,2,5,2,4500,https://tvil.ru/city/angarsk/hotels/1314294/
1314294,"Делюкс - с 2 кроватями:  Номер, Стандарт, 2-местный, 1-комнатный",1447146,0,0,2,0,https://tvil.ru/city/angarsk/hotels/1314294/
1314294,"Люкс - с 1 спальней :  Номер, Люкс, 2-местный, 2-комнатный",1447177,1,0,2,7000,https://tvil.ru/city/angarsk/hotels/1314294/
1314294,"Люкс:  Номер, Люкс, 2-местный, 1-комнатный",1447213,1,0,2,6000,https://tvil.ru/city/angarsk/hotels/1314294/
1314294,"Стандарт 2-х местный с 1 большой кроватью :  Номер, Стандарт, 2-местный, 1-комнатный",1447260,0,0,2,0,https://tvil.ru/city/angarsk/hotels/1314294/
1314294,"Стандарт 2-х местный с двумя отдельными кроватями :  Номер, Стандарт, 2-местный, 1-комнатный",1447367,2,5,2,6000,https://tvil.ru/city/angarsk/hotels/1314294/
1314294,"Полулюкс:  Номер, Полулюкс, 2-местный, 1-комнатный",1447373,1,0,2,5500,https://tvil.ru/city/angarsk/hotels/1314294/
1314294,"Семейный номер:  Номер, Семейный, 4-местный, 2-комнатный",1447393,2,2,4,6000,https://tvil.ru/city/angarsk/hotels/1314294/
1048431,"Комната №1:  Номер, Семейный, 2-местный, 1-комнатный",1048435,0,0,2,0,https://tvil.ru/city/irkutsk/hotels/1048431/
1048431,"Комната №2:  Номер, Семейный, 2-местный, 1-комнатный",1048451,0,0,2,0,https://tvil.ru/city/irkutsk/hotels/1048431/
1048431,"Комната № 3:  Номер, Семейный, 2-местный, 1-комнатный",1048461,0,0,2,0,https://tvil.ru/city/irkutsk/hotels/1048431/
1048431,"Комната №4:  Номер, Семейный, 2-местный, 1-комнатный",1048486,1,0,2,6100,https://tvil.ru/city/irkutsk/hotels/1048431/
1048431,"Команта № 5:  Номер, Люкс, 2-местный, 1-комнатный",1048493,0,0,2,0,https://tvil.ru/city/irkutsk/hotels/1048431/
1048431,"Комната №8:  Койко-место, 1-местный",1048673,0,0,1,0,https://tvil.ru/city/irkutsk/hotels/1048431/
1048431,"Комната №6:  Номер, Люкс, 2-местный, 2-комнатный",1442801,0,0,2,0,https://tvil.ru/city/irkutsk/hotels/1048431/
1048431,"Комната №7:  Номер, Люкс, 1-местный, 1-комнатный",1442803,0,0,1,0,https://tvil.ru/city/irkutsk/hotels/1048431/
904225,"стандартный twin:  Номер, Стандарт, 2-местный, 1-комнатный",904229,0,0,2,0,https://tvil.ru/city/irkutsk/hotels/904225/
904225,"студия:  Номер, Семейный, 2-местный, 1-комнатный",904249,0,0,2,0,https://tvil.ru/city/irkutsk/hotels/904225/
904225,"стандартный twin с дополнительным местом:  Номер, Стандарт, 2-местный, 1-комнатный",904868,0,0,2,0,https://tvil.ru/city/irkutsk/hotels/904225/
904225,"стандартный double:  Номер, Стандарт, 2-местный, 1-комнатный",1136938,0,0,2,0,https://tvil.ru/city/irkutsk/hotels/904225/
904225,"стандартный double с дополнительным местом :  Номер, Стандарт, 2-местный, 1-комнатный",1554280,0,0,2,0,https://tvil.ru/city/irkutsk/hotels/904225/
904225,"Стандартный одноместный single:  Номер, Стандарт, 1-местный",1676947,0,0,1,0,https://tvil.ru/city/irkutsk/hotels/904225/
1655828,"Стандарт двухместный:  Номер, Стандарт, 2-местный, 1-комнатный",1655829,2,4,2,4500,https://tvil.ru/city/irkutsk/hotels/1655828/
1655828,"Стандарт (twin) двухместный:  Номер, Стандарт, 2-местный, 1-комнатный",1998749,2,2,2,4500,https://tvil.ru/city/irkutsk/hotels/1655828/
1775519,"Стандарт  односпальная кровать или две двуспальные:  Номер, Стандарт, 2-местный, 1-комнатный",1776225,2,7,2,6500,https://tvil.ru/city/irkutsk/hotels/1775519/
1775519,"Комфорт:  Номер, Семейный, 4-местный (2 основных + 2 доп), 1-комнатный",1786986,2,2,4,7800,https://tvil.ru/city/irkutsk/hotels/1775519/
1775519,"Семейный односпальная кровать или две двуспальные, диван:  Номер, Семейный, 4-местный (1 основной + 3 доп), 1-комнатный",1894274,0,0,4,0,https://tvil.ru/city/irkutsk/hotels/1775519/
1851647,"Двуспальная кровать:  Номер, Стандарт, 2-местный, 1-комнатный",1852426,2,3,2,5000,https://tvil.ru/city/cheremhovo/hotels/1851647/
1851647,"Односпальные кровати:  Номер, Стандарт, 2-местный, 1-комнатный",1852439,2,5,2,5000,https://tvil.ru/city/cheremhovo/hotels/1851647/
1441288,"Стандарт одноместный:  Номер, Стандарт, 1-местный, 1-комнатный",1442805,0,0,1,0,https://tvil.ru/city/irkutsk/hotels/1441288/
1441288,"Стандарт:  Номер, Стандарт, 2-местный, 1-комнатный",1442807,2,22,2,8500,https://tvil.ru/city/irkutsk/hotels/1441288/
1441288,"Джуниор Сьют:  Номер, Полулюкс, 2-местный, 1-комнатный",1442835,2,10,2,9600,https://tvil.ru/city/irkutsk/hotels/1441288/
1441288,"Стандарт особый (для людей с ограниченными возможностями):  Номер, Стандарт, 3-местный (2 основных + 1 доп), 1-комнатный",1442847,0,0,3,0,https://tvil.ru/city/irkutsk/hotels/1441288/
1441288,"Люкс:  Номер, Люкс, 2-местный, 2-комнатный",1442849,1,0,2,13000,https://tvil.ru/city/irkutsk/hotels/1441288/
1441288,"Семейный :  Номер, Семейный, 3-местный (2 основных + 1 доп), 1-комнатный",2073527,1,0,3,9600,https://tvil.ru/city/irkutsk/hotels/1441288/
1441288,"Эконом :  Номер, Эконом, 2-местный, 1-комнатный",2073529,0,0,2,0,https://tvil.ru/city/irkutsk/hotels/1441288/
1367592,"Двухместный стандартный номер с большой кроватью:  Номер, Стандарт, 2-местный, 1-комнатный",1367597,0,0,2,0,https://tvil.ru/city/irkutsk/hotels/1367592/
1367592,"Двухместный стандартный номер с 1 или 2 кроватями:  Номер, Стандарт, 2-местный, 1-комнатный",1367606,0,0,2,0,https://tvil.ru/city/irkutsk/hotels/1367592/
1367592,"Трёхместный стандартный номер:  Номер, Стандарт, 3-местный, 1-комнатный",1367619,2,3,3,5600,https://tvil.ru/city/irkutsk/hotels/1367592/
1367592,"Двухместный номер ""Комфорт"" :  Номер, Полулюкс, 2-местный, 1-комнатный",1367627,2,3,2,5600,https://tvil.ru/city/irkutsk/hotels/1367592/
1367592,"Двухместный номер ""Джуниор сюит"":  Номер, Полулюкс, 3-местный (2 основных + 1 доп), 1-комнатный",1367631,0,0,3,0,https://tvil.ru/city/irkutsk/hotels/1367592/
1472664,"Deluxe:  Номер, Стандарт, 3-местный (2 основных + 1 доп), 1-комнатный",1508052,0,0,3,0,https://tvil.ru/city/irkutsk/hotels/1472664/
1472664,"Junior suite:  Номер, Полулюкс, 3-местный (2 основных + 1 доп), 1-комнатный",1508106,0,0,3,0,https://tvil.ru/city/irkutsk/hotels/1472664/
1472664,"Luxe:  Номер, Люкс, 3-местный (2 основных + 1 доп), 1-комнатный",1508143,0,0,3,0,https://tvil.ru/city/irkutsk/hotels/1472664/
1472664,"Juniour Suite +:  Номер, Полулюкс, 2-местный (1 основной + 1 доп), 1-комнатный",1622501,1,0,2,13400,https://tvil.ru/city/irkutsk/hotels/1472664/
2063101,"Двухместный номер стандарт с 2 раздельными кроватями:  Номер, Стандарт, 2-местный, 1-комнатный",2063112,0,0,2,0,https://tvil.ru/city/irkutsk/hotels/2063101/
2063101,"Двухместный номер стандарт с двуспальной кроватью:  Номер, Стандарт, 2-местный, 1-комнатный",2063121,0,0,2,0,https://tvil.ru/city/irkutsk/hotels/2063101/
2063101,"Двухместный номер БЕЗ ОКНА эконом:  Номер, Эконом, 2-местный, 1-комнатный",2063123,0,0,2,0,https://tvil.ru/city/irkutsk/hotels/2063101/
2063101,"Двухместный номер комфорт с 2 раздельными кроватями:  Номер, Сюит, 2-местный, 1-комнатный",2063126,0,0,2,0,https://tvil.ru/city/irkutsk/hotels/2063101/
2063101,"Двухместный номер комфорт с двуспальной кроватью:  Номер, Сюит, 2-местный, 1-комнатный",2063130,2,3,2,7250,https://tvil.ru/city/irkutsk/hotels/2063101/
424345,"Стандарт (Double):  Номер, Стандарт, 2-местный, 1-комнатный",434202,0,0,2,0,https://tvil.ru/city/irkutsk/hotels/424345/
424345,"Стандарт (Twin):  Номер, Стандарт, 2-местный, 1-комнатный",434206,0,0,2,0,https://tvil.ru/city/irkutsk/hotels/424345/
424345,"Улучшенный :  Номер, Полулюкс, 2-местный, 1-комнатный",894629,0,0,2,0,https://tvil.ru/city/irkutsk/hotels/424345/
1450305,"бунгало:  Дом, 2-местный",1450404,0,0,2,0,https://tvil.ru/city/huzhir/hotels/1450305/
1450305,"Барнхаус:  Дом, 2-местный",1896130,1,0,2,27000,https://tvil.ru/city/huzhir/hotels/1450305/
895518,"Четырехместный номер:  Номер, Стандарт, 4-местный, 1-комнатный",895532,0,0,4,0,https://tvil.ru/city/baikalsk/hotels/895518/
895518,"Трехместный номер с 3 раздельными кроватями:  Номер, Стандарт, 3-местный, 1-комнатный",895625,0,0,3,0,https://tvil.ru/city/baikalsk/hotels/895518/
895518,"Двухместный с одной кроватью:  Номер, Стандарт, 2-местный, 1-комнатный",895633,0,0,2,0,https://tvil.ru/city/baikalsk/hotels/895518/
895518,"Двухместный с раздельными кроватями:  Номер, Стандарт, 2-местный, 1-комнатный",895636,2,5,2,3675,https://tvil.ru/city/baikalsk/hotels/895518/
895518,"стандарт шестиместный:  Номер, Стандарт, 6-местный, 1-комнатный",1624092,2,2,6,3675,https://tvil.ru/city/baikalsk/hotels/895518/
1296594,"Одноместный стандартный номер:  Номер, Стандарт, 1-местный, 1-комнатный",1296865,0,0,1,0,https://tvil.ru/city/irkutsk/hotels/1296594/
1296594,"Двухместный стандартный номер с большой кроватью:  Номер, 2-местный",1296970,0,0,2,0,https://tvil.ru/city/irkutsk/hotels/1296594/
1296594,"Двухместный стандартный номер с 1 или 2 кроватями:  Номер, Стандарт, 3-местный (2 основных + 1 доп), 16-комнатный",1297004,1,0,3,7000,https://tvil.ru/city/irkutsk/hotels/1296594/
1296594,"Джуниор сюит:  Номер, 3-местный (2 основных + 1 доп)",1297033,0,0,3,0,https://tvil.ru/city/irkutsk/hotels/1296594/
1296594,"Джуниор сюит ""Семейный"":  Номер, Полулюкс, 3-местный (2 основных + 1 доп), 1-комнатный",1297047,2,4,3,8200,https://tvil.ru/city/irkutsk/hotels/1296594/
1296594,"Джуниор сюит ""Дизайнерский"":  Номер, 2-местный",1300689,0,0,2,0,https://tvil.ru/city/irkutsk/hotels/1296594/
1390108,"Дом ""Купол"":  Дом, 4-местный",1390208,0,0,4,0,https://tvil.ru/city/irkutsk/hotels/1390108/
1390108,"Дом ""Вертолет"":  Дом, 2-местный",1390229,0,0,2,0,https://tvil.ru/city/irkutsk/hotels/1390108/
1390108,"Дом ""Сфера"":  Дом, 3-местный",1390268,0,0,3,0,https://tvil.ru/city/irkutsk/hotels/1390108/
1390108,"Дом ""Космос"":  Дом, 3-местный",1390272,0,0,3,0,https://tvil.ru/city/irkutsk/hotels/1390108/
1390108,"Апартаменты:  Квартира, 6-местный, 3-комнатный",1390281,0,0,6,0,https://tvil.ru/city/irkutsk/hotels/1390108/
425543,"Джуниор Сьют:  Квартира, 3-местный (2 основных + 1 доп), 3-комнатный",438645,0,0,3,0,https://tvil.ru/city/irkutsk/hotels/425543/
425543,"Стандарт:  Номер, Стандарт, 2-местный, 54-комнатный",438646,2,54,2,10800,https://tvil.ru/city/irkutsk/hotels/425543/
425543,"Президентский:  Номер, Люкс, 2-местный, 3-комнатный",438648,0,0,2,0,https://tvil.ru/city/irkutsk/hotels/425543/
425543,"Люкс:  Номер, Люкс, 2-местный",438649,0,0,2,0,https://tvil.ru/city/irkutsk/hotels/425543/
1097942,"Двухместный стандарт:  Номер, Эконом, 2-местный, 1-комнатный",1097943,0,0,2,0,https://tvil.ru/city/huzhir/hotels/1097942/
1097942,"Стандарт с видом на Байкал :  Номер, Стандарт, 3-местный, 1-комнатный",1097948,0,0,3,0,https://tvil.ru/city/huzhir/hotels/1097942/
1097942,"Улучшенный семейный с террасой, 1 этаж:  Номер, Семейный, 5-местный (2 основных + 3 доп), 1-комнатный",1097959,0,0,5,0,https://tvil.ru/city/huzhir/hotels/1097942/
1097942,"Комфорт Семейный:  Номер, Полулюкс, 4-местный (2 основных + 2 доп), 1-комнатный",1097965,0,0,4,0,https://tvil.ru/city/huzhir/hotels/1097942/
1097942,"Двухместный стандарт с балконом:  Номер, Эконом, 2-местный, 1-комнатный",1741764,0,0,2,0,https://tvil.ru/city/huzhir/hotels/1097942/
1097942,"Улучшенный семейный с террасой, 2 этаж:  Номер, Семейный, 4-местный (2 основных + 2 доп)",1741798,0,0,4,0,https://tvil.ru/city/huzhir/hotels/1097942/
1632075,"Двухместный Стандарт:  Номер, Стандарт, 2-местный, 1-комнатный",1632077,2,3,2,5190,https://tvil.ru/city/angarsk/hotels/1632075/
1632075,"Двухместный Стандарт Улучшенный:  Номер, Стандарт, 2-местный, 1-комнатный",1632089,2,3,2,6190,https://tvil.ru/city/angarsk/hotels/1632075/
1632075,"Двухместный Студия:  Номер, Стандарт, 2-местный, 1-комнатный",1632093,2,3,2,6890,https://tvil.ru/city/angarsk/hotels/1632075/
1632075,"Одноместный Стандарт:  Номер, Стандарт, 1-местный, 1-комнатный",1632098,2,2,1,4390,https://tvil.ru/city/angarsk/hotels/1632075/
1785783,"Коттедж Студия:  Дом, 2-местный",1785969,0,0,2,0,https://tvil.ru/city/bratsk/hotels/1785783/
1785783,"Коттедж Семейный:  Дом, 6-местный",1786019,0,0,6,0,https://tvil.ru/city/bratsk/hotels/1785783/
1335449,"Стандарт с одной кроватью:  Номер, Стандарт, 2-местный, 1-комнатный",1335527,2,4,2,17900,https://tvil.ru/city/irkutsk/hotels/1335449/
1335449,"Стандарт с 1 кроватью или 2 раздельными кроватями :  Номер, Стандарт, 2-местный, 1-комнатный",1335571,2,6,2,17900,https://tvil.ru/city/irkutsk/hotels/1335449/
1335449,"Джуниор с одной кроватью :  Номер, Полулюкс, 2-местный, 1-комнатный",1335604,1,0,2,22000,https://tvil.ru/city/irkutsk/hotels/1335449/
1335449,"Джуниор с 1 кроватью или 2 раздельными кроватями:  Номер, Полулюкс, 2-местный, 1-комнатный",1335619,1,0,2,22000,https://tvil.ru/city/irkutsk/hotels/1335449/
1335449,"Люкс:  Номер, Люкс, 2-местный, 2-комнатный",1335636,1,0,2,29350,https://tvil.ru/city/irkutsk/hotels/1335449/
1335449,"Амурский Люкс:  Номер, Семейный, 4-местный, 3-комнатный",1335669,0,0,4,0,https://tvil.ru/city/irkutsk/hotels/1335449/
1335449,"Адмирал:  Номер, Семейный, 4-местный, 2-комнатный",1335678,0,0,4,0,https://tvil.ru/city/irkutsk/hotels/1335449/
1378154,"Стандарт :  Номер, Стандарт, 2-местный, 1-комнатный",1378165,1,0,2,8510,https://tvil.ru/city/irkutsk/hotels/1378154/
1378154,"Стандарт Плюс:  Номер, Стандарт, 2-местный",1378205,2,29,2,9085,https://tvil.ru/city/irkutsk/hotels/1378154/
1378154,"Супериор :  Номер, Стандарт, 3-местный (2 основных + 1 доп), 1-комнатный",1378250,2,35,3,9660,https://tvil.ru/city/irkutsk/hotels/1378154/
1378154,"Джуниор Сьют:  Номер, Полулюкс, 3-местный (2 основных + 1 доп), 1-комнатный",1378288,1,0,3,10810,https://tvil.ru/city/irkutsk/hotels/1378154/
1378154,"Семейный Люкс:  Номер, Семейный, 1-местный, 2-комнатный",1378297,0,0,1,0,https://tvil.ru/city/irkutsk/hotels/1378154/
1378154,"Представительский Люкс:  Номер, Люкс, 3-местный (2 основных + 1 доп), 2-комнатный",1378306,1,0,3,16675,https://tvil.ru/city/irkutsk/hotels/1378154/
1378154,"Президентский Люкс:  Номер, Сюит, 3-местный (2 основных + 1 доп), 2-комнатный",1378995,2,6,3,17825,https://tvil.ru/city/irkutsk/hotels/1378154/
1802586,"Двухместный номер Комфорт с 1 кроватью или 2 отдельными кроватями:  Номер, Полулюкс, 2-местный",1802715,0,0,2,0,https://tvil.ru/city/huzhir/hotels/1802586/
1802586,"Двухместный номер Стандарт с 1 кроватью или 2 отдельными кроватями:  Номер, Стандарт, 13-местный (12 основных + 1 доп), 1-комнатный",2072278,0,0,13,0,https://tvil.ru/city/huzhir/hotels/1802586/
1802586,"Двухместный номер Стандарт улучшенный с 1 кроватью или 2 отдельными кроватями:  Номер, 3-местный (2 основных + 1 доп)",2072310,1,0,3,16190,https://tvil.ru/city/huzhir/hotels/1802586/
1899852,"Стандарт на первом этаже:  Номер, Стандарт, 2-местный",1899854,0,0,2,0,https://tvil.ru/city/irkutsk/hotels/1899852/
1899852,"Стандарт на втором этаже:  Номер, Стандарт, 2-местный, 1-комнатный",1899869,0,0,2,0,https://tvil.ru/city/irkutsk/hotels/1899852/
1979910,"Одноместный стандартный номер:  Номер, Стандарт, 1-местный, 1-комнатный",1979912,0,0,1,0,https://tvil.ru/city/irkutsk/hotels/1979910/
1979910,"Двухместный стандартный номер:  Номер, Стандарт, 2-местный, 1-комнатный",1980125,0,0,2,0,https://tvil.ru/city/irkutsk/hotels/1979910/
1979910,"Джуниор Сюит:  Номер, Полулюкс, 3-местный (2 основных + 1 доп), 1-комнатный",1980141,0,0,3,0,https://tvil.ru/city/irkutsk/hotels/1979910/
1979910,"Джуниор сюит Бизнес:  Номер, Полулюкс, 3-местный (2 основных + 1 доп), 1-комнатный",1980150,0,0,3,0,https://tvil.ru/city/irkutsk/hotels/1979910/
1979910,"Апартаменты с видом на город:  Номер, Апартаменты, 4-местный (2 основных + 2 доп), 2-комнатный",1980153,0,0,4,0,https://tvil.ru/city/irkutsk/hotels/1979910/
1979910,"Апартаменты:  Номер, Апартаменты, 4-местный (2 основных + 2 доп), 2-комнатный",1980155,0,0,4,0,https://tvil.ru/city/irkutsk/hotels/1979910/
1993192,"Standart:  Номер, Стандарт, 2-местный, 1-комнатный",2001300,0,0,2,0,https://tvil.ru/city/derevnya-sarma/hotels/1993192/
1993192,"Superior:  Номер, Полулюкс, 2-местный, 1-комнатный",2001313,0,0,2,0,https://tvil.ru/city/derevnya-sarma/hotels/1993192/
1993192,"Deluxe:  Номер, Полулюкс, 4-местный, 3-комнатный",2001333,2,4,4,37500,https://tvil.ru/city/derevnya-sarma/hotels/1993192/
1993192,"Lux:  Номер, Люкс, 4-местный, 3-комнатный",2001363,2,4,4,43750,https://tvil.ru/city/derevnya-sarma/hotels/1993192/
1367536,"Джуниор Сьют:  Номер, Сюит, 2-местный, 2-комнатный",1367540,2,8,2,5600,https://tvil.ru/city/bratsk/hotels/1367536/
1367536,"Номер 2-х местный  стандарт:  Номер, Стандарт, 2-местный, 1-комнатный",1367549,2,46,2,4350,https://tvil.ru/city/bratsk/hotels/1367536/
2036706,"Двухместный стандарт:  Номер, Стандарт, 2-местный, 1-комнатный",2036717,2,13,2,3100,https://tvil.ru/city/nizhneudinsk/hotels/2036706/
2036706,"Гостевой домик  семейный:  Дом, 2-местный",2074920,0,0,2,0,https://tvil.ru/city/nizhneudinsk/hotels/2036706/
2036706,"Трехместный стандарт :  Номер, Стандарт, 3-местный, 1-комнатный",2074934,2,4,3,3600,https://tvil.ru/city/nizhneudinsk/hotels/2036706/
2036706,"Четырехместный стандарт:  Номер, Стандарт, 4-местный, 1-комнатный",2074939,1,0,4,4200,https://tvil.ru/city/nizhneudinsk/hotels/2036706/
2036706,"Семейный номер стандарт:  Номер, Стандарт, 4-местный, 1-комнатный",2074941,1,0,4,4200,https://tvil.ru/city/nizhneudinsk/hotels/2036706/
2036706,"Гостевой домик трехместный стандарт:  Дом, 3-местный",2074944,0,0,3,0,https://tvil.ru/city/nizhneudinsk/hotels/2036706/
2032078,"Комфорт с большой двуспальной кроватью:  Номер, Полулюкс, 2-местный, 1-комнатный",2032079,2,2,2,7600,https://tvil.ru/city/irkutsk/hotels/2032078/
2032078,"Cемейный номер DBL/TWIN:  Номер, Семейный, 3-местный, 1-комнатный",2032091,0,0,3,0,https://tvil.ru/city/irkutsk/hotels/2032078/
2032078,"Стандартный номер DBL:  Номер, Стандарт, 2-местный, 1-комнатный",2032093,0,0,2,0,https://tvil.ru/city/irkutsk/hotels/2032078/
2032078,"Комфорт Мансарда TWIN с раздельными кроватями:  Номер, Полулюкс, 3-местный, 2-комнатный",2032101,0,0,3,0,https://tvil.ru/city/irkutsk/hotels/2032078/
2032078,"Комфорт Мансарда DBL :  Номер, Полулюкс, 3-местный, 2-комнатный",2032103,0,0,3,0,https://tvil.ru/city/irkutsk/hotels/2032078/
2032078,"Семейный  номер Комфорт Мансарда DBL/TWIN:  Номер, Семейный, 3-местный, 1-комнатный",2032107,0,0,3,0,https://tvil.ru/city/irkutsk/hotels/2032078/
